{
  "features": [
    "return_1d",
    "return_5d",
    "return_10d",
    "return_20d",
    "return_60d",
    "price_vs_ema200",
    "ema9_vs_ema21",
    "ema21_vs_ema50",
    "rsi_14",
    "rsi_7",
    "atr_pct",
    "volatility_20d",
    "volatility_ratio",
    "downside_volatility_20d",
    "volume_change",
    "volume_ma_ratio",
    "volume_zscore_20d",
    "macd_pct",
    "macd_signal_pct",
    "macd_hist_pct",
    "bollinger_position",
    "bollinger_width",
    "distance_52w_high",
    "distance_52w_low",
    "ema50_slope_20d",
    "ema200_slope_20d",
    "adx_14"
  ],
  "summaries": {
    "random_forest": {
      "folds": 6,
      "positive_folds": 4,
      "median_fold_return": 0.0071814857016506695,
      "mean_fold_return": 0.008970242865393848,
      "worst_fold_return": -0.0072775682192545155,
      "best_fold_return": 0.034006118623133075,
      "total_trades": 53,
      "mean_win_rate": 0.6643939393939394,
      "mean_profit_factor": 1.8085714944308027,
      "mean_maximum_drawdown": -0.013346281429766663,
      "worst_maximum_drawdown": -0.020874324058789973,
      "mean_model_accuracy": 0.4877354239884653,
      "mean_model_roc_auc": 0.5217753083811281,
      "research_score": 0.11061818823162622
    },
    "xgboost": {
      "folds": 6,
      "positive_folds": 5,
      "median_fold_return": 0.004442635795750216,
      "mean_fold_return": 0.012137889499601465,
      "worst_fold_return": -0.00022285286683987326,
      "best_fold_return": 0.03152572425217959,
      "total_trades": 61,
      "mean_win_rate": 0.6525641025641026,
      "mean_profit_factor": 2.9096557684693405,
      "mean_maximum_drawdown": -0.013710786976572353,
      "worst_maximum_drawdown": -0.022636358079952124,
      "mean_model_accuracy": 0.5111201225556457,
      "mean_model_roc_auc": 0.5259519568830054,
      "research_score": 0.12978353843526957
    },
    "lightgbm": {
      "folds": 6,
      "positive_folds": 4,
      "median_fold_return": 0.006639980490984132,
      "mean_fold_return": 0.010474666704602157,
      "worst_fold_return": -0.001169016900638753,
      "best_fold_return": 0.037988735900622794,
      "total_trades": 56,
      "mean_win_rate": 0.6402777777777778,
      "mean_profit_factor": 2.9518229375001384,
      "mean_maximum_drawdown": -0.012997673578225307,
      "worst_maximum_drawdown": -0.02087432405878986,
      "mean_model_accuracy": 0.49082184374155174,
      "mean_model_roc_auc": 0.5489190679068712,
      "research_score": 0.12560790545064454
    },
    "catboost": {
      "folds": 6,
      "positive_folds": 4,
      "median_fold_return": 0.00796949301984673,
      "mean_fold_return": 0.010096098325588165,
      "worst_fold_return": -0.0037403205396744355,
      "best_fold_return": 0.03844458264529904,
      "total_trades": 60,
      "mean_win_rate": 0.6165223665223665,
      "mean_profit_factor": 3.0405844158784916,
      "mean_maximum_drawdown": -0.013866073294204898,
      "worst_maximum_drawdown": -0.022636358079952013,
      "mean_model_accuracy": 0.4864738217536271,
      "mean_model_roc_auc": 0.5321968289456357,
      "research_score": 0.1263353145051988
    }
  },
  "recommendation": {
    "research_winner": "xgboost",
    "ranking": [
      "xgboost",
      "catboost",
      "lightgbm",
      "random_forest"
    ],
    "winner_details": {
      "folds": 6,
      "positive_folds": 5,
      "median_fold_return": 0.004442635795750216,
      "mean_fold_return": 0.012137889499601465,
      "worst_fold_return": -0.00022285286683987326,
      "best_fold_return": 0.03152572425217959,
      "total_trades": 61,
      "mean_win_rate": 0.6525641025641026,
      "mean_profit_factor": 2.9096557684693405,
      "mean_maximum_drawdown": -0.013710786976572353,
      "worst_maximum_drawdown": -0.022636358079952124,
      "mean_model_accuracy": 0.5111201225556457,
      "mean_model_roc_auc": 0.5259519568830054,
      "research_score": 0.12978353843526957
    },
    "note": "Research only. Compare against the prior 13-feature LightGBM result before deployment."
  }
}