{
  "summaries": {
    "lgbm_a": {
      "folds": 6,
      "positive_folds": 5,
      "median_fold_return": 0.013148003788890028,
      "mean_fold_return": 0.01300255347572693,
      "worst_fold_return": -0.013212351439179426,
      "best_fold_return": 0.030870235763332365,
      "total_trades": 72,
      "mean_win_rate": 0.598015873015873,
      "mean_profit_factor": 3.1072933854060287,
      "mean_maximum_drawdown": -0.01499257563415233,
      "worst_maximum_drawdown": -0.02334353458705396,
      "research_score": 0.16358182022643303,
      "parameters": {
        "n_estimators": 200,
        "max_depth": 3,
        "learning_rate": 0.03,
        "num_leaves": 7,
        "min_child_samples": 30
      }
    },
    "lgbm_b": {
      "folds": 6,
      "positive_folds": 5,
      "median_fold_return": 0.01908943530706575,
      "mean_fold_return": 0.01780797102649036,
      "worst_fold_return": -0.011825938412843962,
      "best_fold_return": 0.0341142365006053,
      "total_trades": 75,
      "mean_win_rate": 0.6366550116550117,
      "mean_profit_factor": 3.6020834619807203,
      "mean_maximum_drawdown": -0.013276139408095466,
      "worst_maximum_drawdown": -0.02198083260787498,
      "research_score": 0.1990024343694312,
      "parameters": {
        "n_estimators": 300,
        "max_depth": 4,
        "learning_rate": 0.03,
        "num_leaves": 15,
        "min_child_samples": 30
      }
    },
    "lgbm_c": {
      "folds": 6,
      "positive_folds": 5,
      "median_fold_return": 0.01863557646525882,
      "mean_fold_return": 0.015326472868945598,
      "worst_fold_return": -0.011825938412843962,
      "best_fold_return": 0.031436727535150144,
      "total_trades": 76,
      "mean_win_rate": 0.6137334887334888,
      "mean_profit_factor": 3.351527805761511,
      "mean_maximum_drawdown": -0.01464975546506849,
      "worst_maximum_drawdown": -0.02198083260787498,
      "research_score": 0.19222400268711398,
      "parameters": {
        "n_estimators": 400,
        "max_depth": 4,
        "learning_rate": 0.02,
        "num_leaves": 15,
        "min_child_samples": 40
      }
    },
    "lgbm_d": {
      "folds": 6,
      "positive_folds": 5,
      "median_fold_return": 0.023288569042796414,
      "mean_fold_return": 0.017396944776533436,
      "worst_fold_return": -0.012223303429823917,
      "best_fold_return": 0.03444295595662017,
      "total_trades": 77,
      "mean_win_rate": 0.6073232323232324,
      "mean_profit_factor": 3.8936171185201602,
      "mean_maximum_drawdown": -0.013436682832124033,
      "worst_maximum_drawdown": -0.02238403017999413,
      "research_score": 0.2143721204542613,
      "parameters": {
        "n_estimators": 300,
        "max_depth": 5,
        "learning_rate": 0.02,
        "num_leaves": 31,
        "min_child_samples": 40
      }
    }
  },
  "recommendation": {
    "research_winner": "lgbm_d",
    "ranking": [
      "lgbm_d",
      "lgbm_b",
      "lgbm_c",
      "lgbm_a"
    ],
    "winner_details": {
      "folds": 6,
      "positive_folds": 5,
      "median_fold_return": 0.023288569042796414,
      "mean_fold_return": 0.017396944776533436,
      "worst_fold_return": -0.012223303429823917,
      "best_fold_return": 0.03444295595662017,
      "total_trades": 77,
      "mean_win_rate": 0.6073232323232324,
      "mean_profit_factor": 3.8936171185201602,
      "mean_maximum_drawdown": -0.013436682832124033,
      "worst_maximum_drawdown": -0.02238403017999413,
      "research_score": 0.2143721204542613,
      "parameters": {
        "n_estimators": 300,
        "max_depth": 5,
        "learning_rate": 0.02,
        "num_leaves": 31,
        "min_child_samples": 40
      }
    },
    "note": "Research only. Do not deploy until compared with the current baseline."
  }
}